env: load .env
env: export EXPO_PUBLIC_FIREBASE_API_KEY EXPO_PUBLIC_FIREBASE_AUTH_DOMAIN EXPO_PUBLIC_FIREBASE_PROJECT_ID EXPO_PUBLIC_FIREBASE_STORAGE_BUCKET EXPO_PUBLIC_FIREBASE_SENDER_ID EXPO_PUBLIC_FIREBASE_APP_ID EXPO_PUBLIC_SENTRY_DSN EXPO_PUBLIC_ENV
Starting project at C:\Users\mhmto\.gemini\antigravity\scratch\gemquest52
Starting Metro Bundler
The following packages should be updated for best compatibility with the installed expo version:
  @sentry/react-native@6.5.0 - expected version: ~6.10.0
  expo-updates@0.26.19 - expected version: ~0.27.5
Your project may not work correctly until you install the expected versions of the packages.
Waiting on http://localhost:8081
Logs for your project will appear below.
Android Bundled 8429ms node_modules\expo-router\entry.js (1964 modules)
 (NOBRIDGE) LOG  Bridgeless mode is enabled
 INFO  
[7m [1m💡 JavaScript logs will be removed from Metro in React Native 0.77![22m Please use React Native DevTools as your default tool. Tip: Type [1mj[22m in the terminal to open (requires Google Chrome or Microsoft Edge).[27m
 (NOBRIDGE) WARN  🚨 React Native's New Architecture is always enabled in Expo Go, but it is not explicitly enabled your project app config. This may lead to unexpected behavior when you create a production or development build. Set "newArchEnabled": true in your app.json.
Learn more: https://docs.expo.dev/guides/new-architecture/
 (NOBRIDGE) WARN  expo-notifications: Push notifications (remote notifications) functionality provided by expo-notifications will be removed from Expo Go in SDK 53. Instead, use a development build. Read more at https://docs.expo.dev/develop/development-builds/introduction/. [Component Stack]
 (NOBRIDGE) WARN  `expo-notifications` functionality is not fully supported in Expo Go:
We recommend you instead use a development build to avoid limitations. Learn more: https://expo.fyi/dev-client. [Component Stack]
 (NOBRIDGE) WARN  Failed to register push notification token: [Error: Error encountered while fetching Expo token, expected an OK response, received: 400 (body: "{"errors":[{"code":"VALIDATION_ERROR","type":"USER","message":"\"projectId\": Invalid uuid.","isTransient":false,"requestId":"19c44e17-10ab-421e-8216-85892ccb0843"}]}").]
 (NOBRIDGE) WARN  Failed to schedule notifications: [Error: Failed to schedule the notification. Trigger of type: calendar is not supported on Android.]
 (NOBRIDGE) WARN  Background music failed to start: [Error: j7.y$f: Response code: 403]
Android Bundled 56ms node_modules\expo-router\entry.js (1 module)
 (NOBRIDGE) LOG  Bridgeless mode is enabled
 INFO  
[7m [1m💡 JavaScript logs will be removed from Metro in React Native 0.77![22m Please use React Native DevTools as your default tool. Tip: Type [1mj[22m in the terminal to open (requires Google Chrome or Microsoft Edge).[27m
 (NOBRIDGE) WARN  🚨 React Native's New Architecture is always enabled in Expo Go, but it is not explicitly enabled your project app config. This may lead to unexpected behavior when you create a production or development build. Set "newArchEnabled": true in your app.json.
Learn more: https://docs.expo.dev/guides/new-architecture/
 (NOBRIDGE) WARN  expo-notifications: Push notifications (remote notifications) functionality provided by expo-notifications will be removed from Expo Go in SDK 53. Instead, use a development build. Read more at https://docs.expo.dev/develop/development-builds/introduction/. [Component Stack]
 (NOBRIDGE) WARN  `expo-notifications` functionality is not fully supported in Expo Go:
We recommend you instead use a development build to avoid limitations. Learn more: https://expo.fyi/dev-client. [Component Stack]
 (NOBRIDGE) WARN  Failed to register push notification token: [Error: Error encountered while fetching Expo token, expected an OK response, received: 400 (body: "{"errors":[{"code":"VALIDATION_ERROR","type":"USER","message":"\"projectId\": Invalid uuid.","isTransient":false,"requestId":"97703ab6-1720-47c0-9460-cd2bca94b29a"}]}").]
 (NOBRIDGE) WARN  Failed to schedule notifications: [Error: Failed to schedule the notification. Trigger of type: calendar is not supported on Android.]
 (NOBRIDGE) WARN  Background music failed to start: [Error: j7.y$f: Response code: 403]
 (NOBRIDGE) ERROR  Warning: React.jsx: type is invalid -- expected a string (for built-in components) or a class/function (for composite components) but got: undefined. You likely forgot to export your component from the file it's defined in, or you might have mixed up default and named imports.

Check your code at _layout.tsx:93.
    in RootLayout
    in Unknown (created by Route())
    in Suspense (created by Route())
    in Route (created by Route())
    in Route() (created by ContextNavigator)
    in RNCSafeAreaProvider (created by SafeAreaProvider)
    in SafeAreaProvider (created by wrapper)
    in wrapper (created by ContextNavigator)
    in ThemeProvider
    in EnsureSingleNavigator
    in BaseNavigationContainer
    in NavigationContainerInner (created by ContextNavigator)
    in ContextNavigator (created by ExpoRoot)
    in ExpoRoot (created by App)
    in App (created by ErrorOverlay)
    in ErrorToastContainer (created by ErrorOverlay)
    in ErrorOverlay (created by withDevTools(ErrorOverlay))
    in withDevTools(ErrorOverlay)
    in RCTView (created by View)
    in View (created by AppContainer)
    in RCTView (created by View)
    in View (created by AppContainer)
    in AppContainer
    in main(RootComponent)
 (NOBRIDGE) ERROR  Warning: React.jsx: type is invalid -- expected a string (for built-in components) or a class/function (for composite components) but got: undefined. You likely forgot to export your component from the file it's defined in, or you might have mixed up default and named imports.

Check your code at _layout.tsx:93.
    in RootLayout
    in Unknown (created by Route())
    in Suspense (created by Route())
    in Route (created by Route())
    in Route() (created by ContextNavigator)
    in RNCSafeAreaProvider (created by SafeAreaProvider)
    in SafeAreaProvider (created by wrapper)
    in wrapper (created by ContextNavigator)
    in ThemeProvider
    in EnsureSingleNavigator
    in BaseNavigationContainer
    in NavigationContainerInner (created by ContextNavigator)
    in ContextNavigator (created by ExpoRoot)
    in ExpoRoot (created by App)
    in App (created by ErrorOverlay)
    in ErrorToastContainer (created by ErrorOverlay)
    in ErrorOverlay (created by withDevTools(ErrorOverlay))
    in withDevTools(ErrorOverlay)
    in RCTView (created by View)
    in View (created by AppContainer)
    in RCTView (created by View)
    in View (created by AppContainer)
    in AppContainer
    in main(RootComponent)
 (NOBRIDGE) ERROR  Warning: Error: Element type is invalid: expected a string (for built-in components) or a class/function (for composite components) but got: undefined. You likely forgot to export your component from the file it's defined in, or you might have mixed up default and named imports.

Check the render method of `RootLayout`.

This error is located at:
    in RootLayout
    in Unknown (created by Route())
    in Suspense (created by Route())
    in Route (created by Route())
    in Route() (created by ContextNavigator)
    in RNCSafeAreaProvider (created by SafeAreaProvider)
    in SafeAreaProvider (created by wrapper)
    in wrapper (created by ContextNavigator)
    in ThemeProvider
    in EnsureSingleNavigator
    in BaseNavigationContainer
    in NavigationContainerInner (created by ContextNavigator)
    in ContextNavigator (created by ExpoRoot)
    in ExpoRoot (created by App)
    in App (created by ErrorOverlay)
    in ErrorToastContainer (created by ErrorOverlay)
    in ErrorOverlay (created by withDevTools(ErrorOverlay))
    in withDevTools(ErrorOverlay)
    in RCTView (created by View)
    in View (created by AppContainer)
    in RCTView (created by View)
    in View (created by AppContainer)
    in AppContainer
    in main(RootComponent)
 (NOBRIDGE) ERROR  Warning: Error: Element type is invalid: expected a string (for built-in components) or a class/function (for composite components) but got: undefined. You likely forgot to export your component from the file it's defined in, or you might have mixed up default and named imports.

Check the render method of `RootLayout`.

This error is located at:
    in RootLayout
    in Unknown (created by Route())
    in Suspense (created by Route())
    in Route (created by Route())
    in Route() (created by ContextNavigator)
    in RNCSafeAreaProvider (created by SafeAreaProvider)
    in SafeAreaProvider (created by wrapper)
    in wrapper (created by ContextNavigator)
    in ThemeProvider
    in EnsureSingleNavigator
    in BaseNavigationContainer
    in NavigationContainerInner (created by ContextNavigator)
    in ContextNavigator (created by ExpoRoot)
    in ExpoRoot (created by App)
    in App (created by ErrorOverlay)
    in ErrorToastContainer (created by ErrorOverlay)
    in ErrorOverlay (created by withDevTools(ErrorOverlay))
    in withDevTools(ErrorOverlay)
    in RCTView (created by View)
    in View (created by AppContainer)
    in RCTView (created by View)
    in View (created by AppContainer)
    in AppContainer
    in main(RootComponent)
 (NOBRIDGE) ERROR  Warning: React.jsx: type is invalid -- expected a string (for built-in components) or a class/function (for composite components) but got: undefined. You likely forgot to export your component from the file it's defined in, or you might have mixed up default and named imports.

Check your code at _layout.tsx:93.
    in RootLayout
    in Unknown (created by Route())
    in Suspense (created by Route())
    in Route (created by Route())
    in Route() (created by ContextNavigator)
    in RNCSafeAreaProvider (created by SafeAreaProvider)
    in SafeAreaProvider (created by wrapper)
    in wrapper (created by ContextNavigator)
    in ThemeProvider
    in EnsureSingleNavigator
    in BaseNavigationContainer
    in NavigationContainerInner (created by ContextNavigator)
    in ContextNavigator (created by ExpoRoot)
    in ExpoRoot (created by App)
    in App (created by ErrorOverlay)
    in ErrorToastContainer (created by ErrorOverlay)
    in ErrorOverlay (created by withDevTools(ErrorOverlay))
    in withDevTools(ErrorOverlay)
    in RCTView (created by View)
    in View (created by AppContainer)
    in RCTView (created by View)
    in View (created by AppContainer)
    in AppContainer
    in main(RootComponent)
 (NOBRIDGE) ERROR  Warning: React.jsx: type is invalid -- expected a string (for built-in components) or a class/function (for composite components) but got: undefined. You likely forgot to export your component from the file it's defined in, or you might have mixed up default and named imports.

Check your code at _layout.tsx:93.
    in RootLayout
    in Unknown (created by Route())
    in Suspense (created by Route())
    in Route (created by Route())
    in Route() (created by ContextNavigator)
    in RNCSafeAreaProvider (created by SafeAreaProvider)
    in SafeAreaProvider (created by wrapper)
    in wrapper (created by ContextNavigator)
    in ThemeProvider
    in EnsureSingleNavigator
    in BaseNavigationContainer
    in NavigationContainerInner (created by ContextNavigator)
    in ContextNavigator (created by ExpoRoot)
    in ExpoRoot (created by App)
    in App (created by ErrorOverlay)
    in ErrorToastContainer (created by ErrorOverlay)
    in ErrorOverlay (created by withDevTools(ErrorOverlay))
    in withDevTools(ErrorOverlay)
    in RCTView (created by View)
    in View (created by AppContainer)
    in RCTView (created by View)
    in View (created by AppContainer)
    in AppContainer
    in main(RootComponent)
 (NOBRIDGE) ERROR  Warning: Error: Element type is invalid: expected a string (for built-in components) or a class/function (for composite components) but got: undefined. You likely forgot to export your component from the file it's defined in, or you might have mixed up default and named imports.

Check the render method of `RootLayout`.

This error is located at:
    in RootLayout
    in Unknown (created by Route())
    in Suspense (created by Route())
    in Route (created by Route())
    in Route() (created by ContextNavigator)
    in RNCSafeAreaProvider (created by SafeAreaProvider)
    in SafeAreaProvider (created by wrapper)
    in wrapper (created by ContextNavigator)
    in ThemeProvider
    in EnsureSingleNavigator
    in BaseNavigationContainer
    in NavigationContainerInner (created by ContextNavigator)
    in ContextNavigator (created by ExpoRoot)
    in ExpoRoot (created by App)
    in App (created by ErrorOverlay)
    in ErrorToastContainer (created by ErrorOverlay)
    in ErrorOverlay (created by withDevTools(ErrorOverlay))
    in withDevTools(ErrorOverlay)
    in RCTView (created by View)
    in View (created by AppContainer)
    in RCTView (created by View)
    in View (created by AppContainer)
    in AppContainer
    in main(RootComponent)
 (NOBRIDGE) ERROR  Warning: Error: Element type is invalid: expected a string (for built-in components) or a class/function (for composite components) but got: undefined. You likely forgot to export your component from the file it's defined in, or you might have mixed up default and named imports.

Check the render method of `RootLayout`.

This error is located at:
    in RootLayout
    in Unknown (created by Route())
    in Suspense (created by Route())
    in Route (created by Route())
    in Route() (created by ContextNavigator)
    in RNCSafeAreaProvider (created by SafeAreaProvider)
    in SafeAreaProvider (created by wrapper)
    in wrapper (created by ContextNavigator)
    in ThemeProvider
    in EnsureSingleNavigator
    in BaseNavigationContainer
    in NavigationContainerInner (created by ContextNavigator)
    in ContextNavigator (created by ExpoRoot)
    in ExpoRoot (created by App)
    in App (created by ErrorOverlay)
    in ErrorToastContainer (created by ErrorOverlay)
    in ErrorOverlay (created by withDevTools(ErrorOverlay))
    in withDevTools(ErrorOverlay)
    in RCTView (created by View)
    in View (created by AppContainer)
    in RCTView (created by View)
    in View (created by AppContainer)
    in AppContainer
    in main(RootComponent)
 (NOBRIDGE) ERROR  Warning: React.jsx: type is invalid -- expected a string (for built-in components) or a class/function (for composite components) but got: undefined. You likely forgot to export your component from the file it's defined in, or you might have mixed up default and named imports.

Check your code at _layout.tsx:93.
    in RootLayout
    in Unknown (created by Route())
    in Suspense (created by Route())
    in Route (created by Route())
    in Route() (created by ContextNavigator)
    in RNCSafeAreaProvider (created by SafeAreaProvider)
    in SafeAreaProvider (created by wrapper)
    in wrapper (created by ContextNavigator)
    in ThemeProvider
    in EnsureSingleNavigator
    in BaseNavigationContainer
    in NavigationContainerInner (created by ContextNavigator)
    in ContextNavigator (created by ExpoRoot)
    in ExpoRoot (created by App)
    in App (created by ErrorOverlay)
    in ErrorToastContainer (created by ErrorOverlay)
    in ErrorOverlay (created by withDevTools(ErrorOverlay))
    in withDevTools(ErrorOverlay)
    in RCTView (created by View)
    in View (created by AppContainer)
    in RCTView (created by View)
    in View (created by AppContainer)
    in AppContainer
    in main(RootComponent)
 (NOBRIDGE) ERROR  Warning: React.jsx: type is invalid -- expected a string (for built-in components) or a class/function (for composite components) but got: undefined. You likely forgot to export your component from the file it's defined in, or you might have mixed up default and named imports.

Check your code at _layout.tsx:93.
    in RootLayout
    in Unknown (created by Route())
    in Suspense (created by Route())
    in Route (created by Route())
    in Route() (created by ContextNavigator)
    in RNCSafeAreaProvider (created by SafeAreaProvider)
    in SafeAreaProvider (created by wrapper)
    in wrapper (created by ContextNavigator)
    in ThemeProvider
    in EnsureSingleNavigator
    in BaseNavigationContainer
    in NavigationContainerInner (created by ContextNavigator)
    in ContextNavigator (created by ExpoRoot)
    in ExpoRoot (created by App)
    in App (created by ErrorOverlay)
    in ErrorToastContainer (created by ErrorOverlay)
    in ErrorOverlay (created by withDevTools(ErrorOverlay))
    in withDevTools(ErrorOverlay)
    in RCTView (created by View)
    in View (created by AppContainer)
    in RCTView (created by View)
    in View (created by AppContainer)
    in AppContainer
    in main(RootComponent)
 (NOBRIDGE) ERROR  Warning: Error: Element type is invalid: expected a string (for built-in components) or a class/function (for composite components) but got: undefined. You likely forgot to export your component from the file it's defined in, or you might have mixed up default and named imports.

Check the render method of `RootLayout`.

This error is located at:
    in RootLayout
    in Unknown (created by Route())
    in Suspense (created by Route())
    in Route (created by Route())
    in Route() (created by ContextNavigator)
    in RNCSafeAreaProvider (created by SafeAreaProvider)
    in SafeAreaProvider (created by wrapper)
    in wrapper (created by ContextNavigator)
    in ThemeProvider
    in EnsureSingleNavigator
    in BaseNavigationContainer
    in NavigationContainerInner (created by ContextNavigator)
    in ContextNavigator (created by ExpoRoot)
    in ExpoRoot (created by App)
    in App (created by ErrorOverlay)
    in ErrorToastContainer (created by ErrorOverlay)
    in ErrorOverlay (created by withDevTools(ErrorOverlay))
    in withDevTools(ErrorOverlay)
    in RCTView (created by View)
    in View (created by AppContainer)
    in RCTView (created by View)
    in View (created by AppContainer)
    in AppContainer
    in main(RootComponent)
 (NOBRIDGE) ERROR  Warning: Error: Element type is invalid: expected a string (for built-in components) or a class/function (for composite components) but got: undefined. You likely forgot to export your component from the file it's defined in, or you might have mixed up default and named imports.

Check the render method of `RootLayout`.

This error is located at:
    in RootLayout
    in Unknown (created by Route())
    in Suspense (created by Route())
    in Route (created by Route())
    in Route() (created by ContextNavigator)
    in RNCSafeAreaProvider (created by SafeAreaProvider)
    in SafeAreaProvider (created by wrapper)
    in wrapper (created by ContextNavigator)
    in ThemeProvider
    in EnsureSingleNavigator
    in BaseNavigationContainer
    in NavigationContainerInner (created by ContextNavigator)
    in ContextNavigator (created by ExpoRoot)
    in ExpoRoot (created by App)
    in App (created by ErrorOverlay)
    in ErrorToastContainer (created by ErrorOverlay)
    in ErrorOverlay (created by withDevTools(ErrorOverlay))
    in withDevTools(ErrorOverlay)
    in RCTView (created by View)
    in View (created by AppContainer)
    in RCTView (created by View)
    in View (created by AppContainer)
    in AppContainer
    in main(RootComponent)
 (NOBRIDGE) ERROR  Warning: React.jsx: type is invalid -- expected a string (for built-in components) or a class/function (for composite components) but got: undefined. You likely forgot to export your component from the file it's defined in, or you might have mixed up default and named imports.

Check your code at _layout.tsx:96.
    in RootLayout
    in Unknown (created by Route())
    in Suspense (created by Route())
    in Route (created by Route())
    in Route() (created by ContextNavigator)
    in RNCSafeAreaProvider (created by SafeAreaProvider)
    in SafeAreaProvider (created by wrapper)
    in wrapper (created by ContextNavigator)
    in ThemeProvider
    in EnsureSingleNavigator
    in BaseNavigationContainer
    in NavigationContainerInner (created by ContextNavigator)
    in ContextNavigator (created by ExpoRoot)
    in ExpoRoot (created by App)
    in App (created by ErrorOverlay)
    in ErrorToastContainer (created by ErrorOverlay)
    in ErrorOverlay (created by withDevTools(ErrorOverlay))
    in withDevTools(ErrorOverlay)
    in RCTView (created by View)
    in View (created by AppContainer)
    in RCTView (created by View)
    in View (created by AppContainer)
    in AppContainer
    in main(RootComponent)
 (NOBRIDGE) ERROR  Warning: React.jsx: type is invalid -- expected a string (for built-in components) or a class/function (for composite components) but got: undefined. You likely forgot to export your component from the file it's defined in, or you might have mixed up default and named imports.

Check your code at _layout.tsx:96.
    in RootLayout
    in Unknown (created by Route())
    in Suspense (created by Route())
    in Route (created by Route())
    in Route() (created by ContextNavigator)
    in RNCSafeAreaProvider (created by SafeAreaProvider)
    in SafeAreaProvider (created by wrapper)
    in wrapper (created by ContextNavigator)
    in ThemeProvider
    in EnsureSingleNavigator
    in BaseNavigationContainer
    in NavigationContainerInner (created by ContextNavigator)
    in ContextNavigator (created by ExpoRoot)
    in ExpoRoot (created by App)
    in App (created by ErrorOverlay)
    in ErrorToastContainer (created by ErrorOverlay)
    in ErrorOverlay (created by withDevTools(ErrorOverlay))
    in withDevTools(ErrorOverlay)
    in RCTView (created by View)
    in View (created by AppContainer)
    in RCTView (created by View)
    in View (created by AppContainer)
    in AppContainer
    in main(RootComponent)
 (NOBRIDGE) ERROR  Warning: Error: Element type is invalid: expected a string (for built-in components) or a class/function (for composite components) but got: undefined. You likely forgot to export your component from the file it's defined in, or you might have mixed up default and named imports.

Check the render method of `RootLayout`.

This error is located at:
    in RootLayout
    in Unknown (created by Route())
    in Suspense (created by Route())
    in Route (created by Route())
    in Route() (created by ContextNavigator)
    in RNCSafeAreaProvider (created by SafeAreaProvider)
    in SafeAreaProvider (created by wrapper)
    in wrapper (created by ContextNavigator)
    in ThemeProvider
    in EnsureSingleNavigator
    in BaseNavigationContainer
    in NavigationContainerInner (created by ContextNavigator)
    in ContextNavigator (created by ExpoRoot)
    in ExpoRoot (created by App)
    in App (created by ErrorOverlay)
    in ErrorToastContainer (created by ErrorOverlay)
    in ErrorOverlay (created by withDevTools(ErrorOverlay))
    in withDevTools(ErrorOverlay)
    in RCTView (created by View)
    in View (created by AppContainer)
    in RCTView (created by View)
    in View (created by AppContainer)
    in AppContainer
    in main(RootComponent)
 (NOBRIDGE) ERROR  Warning: Error: Element type is invalid: expected a string (for built-in components) or a class/function (for composite components) but got: undefined. You likely forgot to export your component from the file it's defined in, or you might have mixed up default and named imports.

Check the render method of `RootLayout`.

This error is located at:
    in RootLayout
    in Unknown (created by Route())
    in Suspense (created by Route())
    in Route (created by Route())
    in Route() (created by ContextNavigator)
    in RNCSafeAreaProvider (created by SafeAreaProvider)
    in SafeAreaProvider (created by wrapper)
    in wrapper (created by ContextNavigator)
    in ThemeProvider
    in EnsureSingleNavigator
    in BaseNavigationContainer
    in NavigationContainerInner (created by ContextNavigator)
    in ContextNavigator (created by ExpoRoot)
    in ExpoRoot (created by App)
    in App (created by ErrorOverlay)
    in ErrorToastContainer (created by ErrorOverlay)
    in ErrorOverlay (created by withDevTools(ErrorOverlay))
    in withDevTools(ErrorOverlay)
    in RCTView (created by View)
    in View (created by AppContainer)
    in RCTView (created by View)
    in View (created by AppContainer)
    in AppContainer
    in main(RootComponent)
 (NOBRIDGE) WARN  Failed to register push notification token: [Error: Error encountered while fetching Expo token, expected an OK response, received: 400 (body: "{"errors":[{"code":"VALIDATION_ERROR","type":"USER","message":"\"projectId\": Invalid uuid.","isTransient":false,"requestId":"e060872c-9f7d-43bf-8bbe-d252ca788340"}]}").]
 (NOBRIDGE) WARN  Failed to schedule notifications: [Error: Failed to schedule the notification. Trigger of type: calendar is not supported on Android.]
 (NOBRIDGE) WARN  Failed to register push notification token: [Error: Error encountered while fetching Expo token, expected an OK response, received: 400 (body: "{"errors":[{"code":"VALIDATION_ERROR","type":"USER","message":"\"projectId\": Invalid uuid.","isTransient":false,"requestId":"a4bd9ff2-6651-4775-b1b7-00d2c044f9fd"}]}").]
 (NOBRIDGE) WARN  Failed to schedule notifications: [Error: Failed to schedule the notification. Trigger of type: calendar is not supported on Android.]
 (NOBRIDGE) WARN  Background music failed to start: [Error: j7.y$f: Response code: 403]
 (NOBRIDGE) WARN  Background music failed to start: [Error: j7.y$f: Response code: 403]
Android Bundled 71ms node_modules\expo-router\entry.js (1 module)
 (NOBRIDGE) LOG  Bridgeless mode is enabled
 INFO  
[7m [1m💡 JavaScript logs will be removed from Metro in React Native 0.77![22m Please use React Native DevTools as your default tool. Tip: Type [1mj[22m in the terminal to open (requires Google Chrome or Microsoft Edge).[27m
 (NOBRIDGE) WARN  🚨 React Native's New Architecture is always enabled in Expo Go, but it is not explicitly enabled your project app config. This may lead to unexpected behavior when you create a production or development build. Set "newArchEnabled": true in your app.json.
Learn more: https://docs.expo.dev/guides/new-architecture/
 (NOBRIDGE) WARN  expo-notifications: Push notifications (remote notifications) functionality provided by expo-notifications will be removed from Expo Go in SDK 53. Instead, use a development build. Read more at https://docs.expo.dev/develop/development-builds/introduction/. [Component Stack]
 (NOBRIDGE) WARN  `expo-notifications` functionality is not fully supported in Expo Go:
We recommend you instead use a development build to avoid limitations. Learn more: https://expo.fyi/dev-client. [Component Stack]
 (NOBRIDGE) WARN  Failed to register push notification token: [Error: Error encountered while fetching Expo token, expected an OK response, received: 400 (body: "{"errors":[{"code":"VALIDATION_ERROR","type":"USER","message":"\"projectId\": Invalid uuid.","isTransient":false,"requestId":"f996ad62-fcdb-4281-ade5-d1df60ac33b4"}]}").]
 (NOBRIDGE) WARN  Failed to schedule notifications: [Error: Failed to schedule the notification. Trigger of type: calendar is not supported on Android.]
 (NOBRIDGE) WARN  Background music failed to start: [Error: j7.y$f: Response code: 403]
 (NOBRIDGE) ERROR  Warning: ReferenceError: Property 'dailyDone' doesn't exist

This error is located at:
    in GameScreen
    in Unknown (created by Route(index))
    in Suspense (created by Route(index))
    in Route (created by Route(index))
    in Route(index) (created by SceneView)
    in StaticContainer
    in EnsureSingleNavigator (created by SceneView)
    in SceneView (created by BottomTabNavigator)
    in NavigationProvider (created by BottomTabNavigator)
    in RCTView (created by View)
    in View (created by Screen)
    in RCTView (created by View)
    in View (created by Animated(View))
    in Animated(View) (created by Background)
    in Background (created by Screen)
    in Screen (created by BottomTabView)
    in RNSScreen (created by Animated(Anonymous))
    in Animated(Anonymous)
    in Suspender (created by Freeze)
    in Suspense (created by Freeze)
    in Freeze (created by DelayedFreeze)
    in DelayedFreeze
    in InnerScreen (created by Screen)
    in Screen (created by MaybeScreen)
    in MaybeScreen (created by BottomTabView)
    in RNSScreenContainer (created by ScreenContainer)
    in ScreenContainer (created by MaybeScreenContainer)
    in MaybeScreenContainer (created by BottomTabView)
    in RCTView (created by View)
    in View (created by FrameSizeProvider)
    in FrameSizeProvider (created by SafeAreaProviderCompat)
    in SafeAreaProviderCompat (created by BottomTabView)
    in BottomTabView (created by BottomTabNavigator)
    in PreventRemoveProvider (created by NavigationContent)
    in NavigationStateListenerProvider (created by NavigationContent)
    in NavigationContent
    in Unknown (created by BottomTabNavigator)
    in BottomTabNavigator
    in Unknown (created by TabLayout)
    in TabLayout
    in Unknown (created by Route((tabs)))
    in Suspense (created by Route((tabs)))
    in Route (created by Route((tabs)))
    in Route((tabs)) (created by SceneView)
    in StaticContainer
    in EnsureSingleNavigator (created by SceneView)
    in SceneView (created by NativeStackNavigator)
    in NavigationProvider (created by NativeStackNavigator)
    in RNSScreenContentWrapper (created by ScreenContentWrapper)
    in ScreenContentWrapper (created by DebugContainer)
    in DebugContainer
    in RNSScreen (created by Animated(Anonymous))
    in Animated(Anonymous)
    in Suspender (created by Freeze)
    in Suspense (created by Freeze)
    in Freeze (created by DelayedFreeze)
    in DelayedFreeze
    in InnerScreen (created by Screen)
    in Screen
    in ScreenStackItem (created by SceneView)
    in NavigationProvider (created by SceneView)
    in SceneView (created by NativeStackView)
    in RNSScreenStack (created by ScreenStack)
    in Unknown (created by ScreenStack)
    in ScreenStack (created by NativeStackView)
    in RCTView (created by View)
    in View (created by FrameSizeProvider)
    in FrameSizeProvider (created by SafeAreaProviderCompat)
    in SafeAreaProviderCompat (created by NativeStackView)
    in NativeStackView (created by NativeStackNavigator)
    in PreventRemoveProvider (created by NavigationContent)
    in NavigationStateListenerProvider (created by NavigationContent)
    in NavigationContent
    in Unknown (created by NativeStackNavigator)
    in NativeStackNavigator
    in Unknown (created by RootLayoutContent)
    in ErrorBoundary (created by RootLayoutContent)
    in RootLayoutContent (created by RootLayout)
    in RootLayout
    in Unknown (created by Route())
    in Suspense (created by Route())
    in Route (created by Route())
    in Route() (created by ContextNavigator)
    in RNCSafeAreaProvider (created by SafeAreaProvider)
    in SafeAreaProvider (created by wrapper)
    in wrapper (created by ContextNavigator)
    in ThemeProvider
    in EnsureSingleNavigator
    in BaseNavigationContainer
    in NavigationContainerInner (created by ContextNavigator)
    in ContextNavigator (created by ExpoRoot)
    in ExpoRoot (created by App)
    in App (created by ErrorOverlay)
    in ErrorToastContainer (created by ErrorOverlay)
    in ErrorOverlay (created by withDevTools(ErrorOverlay))
    in withDevTools(ErrorOverlay)
    in RCTView (created by View)
    in View (created by AppContainer)
    in RCTView (created by View)
    in View (created by AppContainer)
    in AppContainer
    in main(RootComponent)
 (NOBRIDGE) ERROR  ErrorBoundary caught: [ReferenceError: Property 'dailyDone' doesn't exist] {"componentStack": "
    in GameScreen
    in Unknown (created by Route(index))
    in Suspense (created by Route(index))
    in Route (created by Route(index))
    in Route(index) (created by SceneView)
    in StaticContainer
    in EnsureSingleNavigator (created by SceneView)
    in SceneView (created by BottomTabNavigator)
    in NavigationProvider (created by BottomTabNavigator)
    in RCTView (created by View)
    in View (created by Screen)
    in RCTView (created by View)
    in View (created by Animated(View))
    in Animated(View) (created by Background)
    in Background (created by Screen)
    in Screen (created by BottomTabView)
    in RNSScreen (created by Animated(Anonymous))
    in Animated(Anonymous)
    in Suspender (created by Freeze)
    in Suspense (created by Freeze)
    in Freeze (created by DelayedFreeze)
    in DelayedFreeze
    in InnerScreen (created by Screen)
    in Screen (created by MaybeScreen)
    in MaybeScreen (created by BottomTabView)
    in RNSScreenContainer (created by ScreenContainer)
    in ScreenContainer (created by MaybeScreenContainer)
    in MaybeScreenContainer (created by BottomTabView)
    in RCTView (created by View)
    in View (created by FrameSizeProvider)
    in FrameSizeProvider (created by SafeAreaProviderCompat)
    in SafeAreaProviderCompat (created by BottomTabView)
    in BottomTabView (created by BottomTabNavigator)
    in PreventRemoveProvider (created by NavigationContent)
    in NavigationStateListenerProvider (created by NavigationContent)
    in NavigationContent
    in Unknown (created by BottomTabNavigator)
    in BottomTabNavigator
    in Unknown (created by TabLayout)
    in TabLayout
    in Unknown (created by Route((tabs)))
    in Suspense (created by Route((tabs)))
    in Route (created by Route((tabs)))
    in Route((tabs)) (created by SceneView)
    in StaticContainer
    in EnsureSingleNavigator (created by SceneView)
    in SceneView (created by NativeStackNavigator)
    in NavigationProvider (created by NativeStackNavigator)
    in RNSScreenContentWrapper (created by ScreenContentWrapper)
    in ScreenContentWrapper (created by DebugContainer)
    in DebugContainer
    in RNSScreen (created by Animated(Anonymous))
    in Animated(Anonymous)
    in Suspender (created by Freeze)
    in Suspense (created by Freeze)
    in Freeze (created by DelayedFreeze)
    in DelayedFreeze
    in InnerScreen (created by Screen)
    in Screen
    in ScreenStackItem (created by SceneView)
    in NavigationProvider (created by SceneView)
    in SceneView (created by NativeStackView)
    in RNSScreenStack (created by ScreenStack)
    in Unknown (created by ScreenStack)
    in ScreenStack (created by NativeStackView)
    in RCTView (created by View)
    in View (created by FrameSizeProvider)
    in FrameSizeProvider (created by SafeAreaProviderCompat)
    in SafeAreaProviderCompat (created by NativeStackView)
    in NativeStackView (created by NativeStackNavigator)
    in PreventRemoveProvider (created by NavigationContent)
    in NavigationStateListenerProvider (created by NavigationContent)
    in NavigationContent
    in Unknown (created by NativeStackNavigator)
    in NativeStackNavigator
    in Unknown (created by RootLayoutContent)
    in ErrorBoundary (created by RootLayoutContent)
    in RootLayoutContent (created by RootLayout)
    in RootLayout
    in Unknown (created by Route())
    in Suspense (created by Route())
    in Route (created by Route())
    in Route() (created by ContextNavigator)
    in RNCSafeAreaProvider (created by SafeAreaProvider)
    in SafeAreaProvider (created by wrapper)
    in wrapper (created by ContextNavigator)
    in ThemeProvider
    in EnsureSingleNavigator
    in BaseNavigationContainer
    in NavigationContainerInner (created by ContextNavigator)
    in ContextNavigator (created by ExpoRoot)
    in ExpoRoot (created by App)
    in App (created by ErrorOverlay)
    in ErrorToastContainer (created by ErrorOverlay)
    in ErrorOverlay (created by withDevTools(ErrorOverlay))
    in withDevTools(ErrorOverlay)
    in RCTView (created by View)
    in View (created by AppContainer)
    in RCTView (created by View)
    in View (created by AppContainer)
    in AppContainer
    in main(RootComponent)"} [Component Stack]
 (NOBRIDGE) ERROR  Warning: ReferenceError: Property 'dailyDone' doesn't exist

This error is located at:
    in GameScreen
    in Unknown (created by Route(index))
    in Suspense (created by Route(index))
    in Route (created by Route(index))
    in Route(index) (created by SceneView)
    in StaticContainer
    in EnsureSingleNavigator (created by SceneView)
    in SceneView (created by BottomTabNavigator)
    in NavigationProvider (created by BottomTabNavigator)
    in RCTView (created by View)
    in View (created by Screen)
    in RCTView (created by View)
    in View (created by Animated(View))
    in Animated(View) (created by Background)
    in Background (created by Screen)
    in Screen (created by BottomTabView)
    in RNSScreen (created by Animated(Anonymous))
    in Animated(Anonymous)
    in Suspender (created by Freeze)
    in Suspense (created by Freeze)
    in Freeze (created by DelayedFreeze)
    in DelayedFreeze
    in InnerScreen (created by Screen)
    in Screen (created by MaybeScreen)
    in MaybeScreen (created by BottomTabView)
    in RNSScreenContainer (created by ScreenContainer)
    in ScreenContainer (created by MaybeScreenContainer)
    in MaybeScreenContainer (created by BottomTabView)
    in RCTView (created by View)
    in View (created by FrameSizeProvider)
    in FrameSizeProvider (created by SafeAreaProviderCompat)
    in SafeAreaProviderCompat (created by BottomTabView)
    in BottomTabView (created by BottomTabNavigator)
    in PreventRemoveProvider (created by NavigationContent)
    in NavigationStateListenerProvider (created by NavigationContent)
    in NavigationContent
    in Unknown (created by BottomTabNavigator)
    in BottomTabNavigator
    in Unknown (created by TabLayout)
    in TabLayout
    in Unknown (created by Route((tabs)))
    in Suspense (created by Route((tabs)))
    in Route (created by Route((tabs)))
    in Route((tabs)) (created by SceneView)
    in StaticContainer
    in EnsureSingleNavigator (created by SceneView)
    in SceneView (created by NativeStackNavigator)
    in NavigationProvider (created by NativeStackNavigator)
    in RNSScreenContentWrapper (created by ScreenContentWrapper)
    in ScreenContentWrapper (created by DebugContainer)
    in DebugContainer
    in RNSScreen (created by Animated(Anonymous))
    in Animated(Anonymous)
    in Suspender (created by Freeze)
    in Suspense (created by Freeze)
    in Freeze (created by DelayedFreeze)
    in DelayedFreeze
    in InnerScreen (created by Screen)
    in Screen
    in ScreenStackItem (created by SceneView)
    in NavigationProvider (created by SceneView)
    in SceneView (created by NativeStackView)
    in RNSScreenStack (created by ScreenStack)
    in Unknown (created by ScreenStack)
    in ScreenStack (created by NativeStackView)
    in RCTView (created by View)
    in View (created by FrameSizeProvider)
    in FrameSizeProvider (created by SafeAreaProviderCompat)
    in SafeAreaProviderCompat (created by NativeStackView)
    in NativeStackView (created by NativeStackNavigator)
    in PreventRemoveProvider (created by NavigationContent)
    in NavigationStateListenerProvider (created by NavigationContent)
    in NavigationContent
    in Unknown (created by NativeStackNavigator)
    in NativeStackNavigator
    in Unknown (created by RootLayoutContent)
    in ErrorBoundary (created by RootLayoutContent)
    in RootLayoutContent (created by RootLayout)
    in RootLayout
    in Unknown (created by Route())
    in Suspense (created by Route())
    in Route (created by Route())
    in Route() (created by ContextNavigator)
    in RNCSafeAreaProvider (created by SafeAreaProvider)
    in SafeAreaProvider (created by wrapper)
    in wrapper (created by ContextNavigator)
    in ThemeProvider
    in EnsureSingleNavigator
    in BaseNavigationContainer
    in NavigationContainerInner (created by ContextNavigator)
    in ContextNavigator (created by ExpoRoot)
    in ExpoRoot (created by App)
    in App (created by ErrorOverlay)
    in ErrorToastContainer (created by ErrorOverlay)
    in ErrorOverlay (created by withDevTools(ErrorOverlay))
    in withDevTools(ErrorOverlay)
    in RCTView (created by View)
    in View (created by AppContainer)
    in RCTView (created by View)
    in View (created by AppContainer)
    in AppContainer
    in main(RootComponent)
 (NOBRIDGE) ERROR  ErrorBoundary caught: [ReferenceError: Property 'dailyDone' doesn't exist] {"componentStack": "
    in GameScreen
    in Unknown (created by Route(index))
    in Suspense (created by Route(index))
    in Route (created by Route(index))
    in Route(index) (created by SceneView)
    in StaticContainer
    in EnsureSingleNavigator (created by SceneView)
    in SceneView (created by BottomTabNavigator)
    in NavigationProvider (created by BottomTabNavigator)
    in RCTView (created by View)
    in View (created by Screen)
    in RCTView (created by View)
    in View (created by Animated(View))
    in Animated(View) (created by Background)
    in Background (created by Screen)
    in Screen (created by BottomTabView)
    in RNSScreen (created by Animated(Anonymous))
    in Animated(Anonymous)
    in Suspender (created by Freeze)
    in Suspense (created by Freeze)
    in Freeze (created by DelayedFreeze)
    in DelayedFreeze
    in InnerScreen (created by Screen)
    in Screen (created by MaybeScreen)
    in MaybeScreen (created by BottomTabView)
    in RNSScreenContainer (created by ScreenContainer)
    in ScreenContainer (created by MaybeScreenContainer)
    in MaybeScreenContainer (created by BottomTabView)
    in RCTView (created by View)
    in View (created by FrameSizeProvider)
    in FrameSizeProvider (created by SafeAreaProviderCompat)
    in SafeAreaProviderCompat (created by BottomTabView)
    in BottomTabView (created by BottomTabNavigator)
    in PreventRemoveProvider (created by NavigationContent)
    in NavigationStateListenerProvider (created by NavigationContent)
    in NavigationContent
    in Unknown (created by BottomTabNavigator)
    in BottomTabNavigator
    in Unknown (created by TabLayout)
    in TabLayout
    in Unknown (created by Route((tabs)))
    in Suspense (created by Route((tabs)))
    in Route (created by Route((tabs)))
    in Route((tabs)) (created by SceneView)
    in StaticContainer
    in EnsureSingleNavigator (created by SceneView)
    in SceneView (created by NativeStackNavigator)
    in NavigationProvider (created by NativeStackNavigator)
    in RNSScreenContentWrapper (created by ScreenContentWrapper)
    in ScreenContentWrapper (created by DebugContainer)
    in DebugContainer
    in RNSScreen (created by Animated(Anonymous))
    in Animated(Anonymous)
    in Suspender (created by Freeze)
    in Suspense (created by Freeze)
    in Freeze (created by DelayedFreeze)
    in DelayedFreeze
    in InnerScreen (created by Screen)
    in Screen
    in ScreenStackItem (created by SceneView)
    in NavigationProvider (created by SceneView)
    in SceneView (created by NativeStackView)
    in RNSScreenStack (created by ScreenStack)
    in Unknown (created by ScreenStack)
    in ScreenStack (created by NativeStackView)
    in RCTView (created by View)
    in View (created by FrameSizeProvider)
    in FrameSizeProvider (created by SafeAreaProviderCompat)
    in SafeAreaProviderCompat (created by NativeStackView)
    in NativeStackView (created by NativeStackNavigator)
    in PreventRemoveProvider (created by NavigationContent)
    in NavigationStateListenerProvider (created by NavigationContent)
    in NavigationContent
    in Unknown (created by NativeStackNavigator)
    in NativeStackNavigator
    in Unknown (created by RootLayoutContent)
    in ErrorBoundary (created by RootLayoutContent)
    in RootLayoutContent (created by RootLayout)
    in RootLayout
    in Unknown (created by Route())
    in Suspense (created by Route())
    in Route (created by Route())
    in Route() (created by ContextNavigator)
    in RNCSafeAreaProvider (created by SafeAreaProvider)
    in SafeAreaProvider (created by wrapper)
    in wrapper (created by ContextNavigator)
    in ThemeProvider
    in EnsureSingleNavigator
    in BaseNavigationContainer
    in NavigationContainerInner (created by ContextNavigator)
    in ContextNavigator (created by ExpoRoot)
    in ExpoRoot (created by App)
    in App (created by ErrorOverlay)
    in ErrorToastContainer (created by ErrorOverlay)
    in ErrorOverlay (created by withDevTools(ErrorOverlay))
    in withDevTools(ErrorOverlay)
    in RCTView (created by View)
    in View (created by AppContainer)
    in RCTView (created by View)
    in View (created by AppContainer)
    in AppContainer
    in main(RootComponent)"} [Component Stack]
Android Bundled 58ms node_modules\expo-router\entry.js (1 module)
 (NOBRIDGE) LOG  Bridgeless mode is enabled
 INFO  
[7m [1m💡 JavaScript logs will be removed from Metro in React Native 0.77![22m Please use React Native DevTools as your default tool. Tip: Type [1mj[22m in the terminal to open (requires Google Chrome or Microsoft Edge).[27m
 (NOBRIDGE) WARN  🚨 React Native's New Architecture is always enabled in Expo Go, but it is not explicitly enabled your project app config. This may lead to unexpected behavior when you create a production or development build. Set "newArchEnabled": true in your app.json.
Learn more: https://docs.expo.dev/guides/new-architecture/
 (NOBRIDGE) WARN  expo-notifications: Push notifications (remote notifications) functionality provided by expo-notifications will be removed from Expo Go in SDK 53. Instead, use a development build. Read more at https://docs.expo.dev/develop/development-builds/introduction/. [Component Stack]
 (NOBRIDGE) WARN  `expo-notifications` functionality is not fully supported in Expo Go:
We recommend you instead use a development build to avoid limitations. Learn more: https://expo.fyi/dev-client. [Component Stack]
 (NOBRIDGE) WARN  Failed to register push notification token: [Error: Error encountered while fetching Expo token, expected an OK response, received: 400 (body: "{"errors":[{"code":"VALIDATION_ERROR","type":"USER","message":"\"projectId\": Invalid uuid.","isTransient":false,"requestId":"3a6062c4-f8ca-4409-b735-329b868ea833"}]}").]
 (NOBRIDGE) WARN  Failed to schedule notifications: [Error: Failed to schedule the notification. Trigger of type: calendar is not supported on Android.]
 (NOBRIDGE) WARN  Background music failed to start: [Error: j7.y$f: Response code: 403]
 (NOBRIDGE) ERROR  Warning: ReferenceError: Property 'getStreak' doesn't exist

This error is located at:
    in LeaderboardScreen
    in Unknown (created by Route(leaderboard))
    in Suspense (created by Route(leaderboard))
    in Route (created by Route(leaderboard))
    in Route(leaderboard) (created by SceneView)
    in StaticContainer
    in EnsureSingleNavigator (created by SceneView)
    in SceneView (created by BottomTabNavigator)
    in NavigationProvider (created by BottomTabNavigator)
    in RCTView (created by View)
    in View (created by Screen)
    in RCTView (created by View)
    in View (created by Animated(View))
    in Animated(View) (created by Background)
    in Background (created by Screen)
    in Screen (created by BottomTabView)
    in RNSScreen (created by Animated(Anonymous))
    in Animated(Anonymous)
    in Suspender (created by Freeze)
    in Suspense (created by Freeze)
    in Freeze (created by DelayedFreeze)
    in DelayedFreeze
    in InnerScreen (created by Screen)
    in Screen (created by MaybeScreen)
    in MaybeScreen (created by BottomTabView)
    in RNSScreenContainer (created by ScreenContainer)
    in ScreenContainer (created by MaybeScreenContainer)
    in MaybeScreenContainer (created by BottomTabView)
    in RCTView (created by View)
    in View (created by FrameSizeProvider)
    in FrameSizeProvider (created by SafeAreaProviderCompat)
    in SafeAreaProviderCompat (created by BottomTabView)
    in BottomTabView (created by BottomTabNavigator)
    in PreventRemoveProvider (created by NavigationContent)
    in NavigationStateListenerProvider (created by NavigationContent)
    in NavigationContent
    in Unknown (created by BottomTabNavigator)
    in BottomTabNavigator
    in Unknown (created by TabLayout)
    in TabLayout
    in Unknown (created by Route((tabs)))
    in Suspense (created by Route((tabs)))
    in Route (created by Route((tabs)))
    in Route((tabs)) (created by SceneView)
    in StaticContainer
    in EnsureSingleNavigator (created by SceneView)
    in SceneView (created by NativeStackNavigator)
    in NavigationProvider (created by NativeStackNavigator)
    in RNSScreenContentWrapper (created by ScreenContentWrapper)
    in ScreenContentWrapper (created by DebugContainer)
    in DebugContainer
    in RNSScreen (created by Animated(Anonymous))
    in Animated(Anonymous)
    in Suspender (created by Freeze)
    in Suspense (created by Freeze)
    in Freeze (created by DelayedFreeze)
    in DelayedFreeze
    in InnerScreen (created by Screen)
    in Screen
    in ScreenStackItem (created by SceneView)
    in NavigationProvider (created by SceneView)
    in SceneView (created by NativeStackView)
    in RNSScreenStack (created by ScreenStack)
    in Unknown (created by ScreenStack)
    in ScreenStack (created by NativeStackView)
    in RCTView (created by View)
    in View (created by FrameSizeProvider)
    in FrameSizeProvider (created by SafeAreaProviderCompat)
    in SafeAreaProviderCompat (created by NativeStackView)
    in NativeStackView (created by NativeStackNavigator)
    in PreventRemoveProvider (created by NavigationContent)
    in NavigationStateListenerProvider (created by NavigationContent)
    in NavigationContent
    in Unknown (created by NativeStackNavigator)
    in NativeStackNavigator
    in Unknown (created by RootLayoutContent)
    in ErrorBoundary (created by RootLayoutContent)
    in RootLayoutContent (created by RootLayout)
    in RootLayout
    in Unknown (created by Route())
    in Suspense (created by Route())
    in Route (created by Route())
    in Route() (created by ContextNavigator)
    in RNCSafeAreaProvider (created by SafeAreaProvider)
    in SafeAreaProvider (created by wrapper)
    in wrapper (created by ContextNavigator)
    in ThemeProvider
    in EnsureSingleNavigator
    in BaseNavigationContainer
    in NavigationContainerInner (created by ContextNavigator)
    in ContextNavigator (created by ExpoRoot)
    in ExpoRoot (created by App)
    in App (created by ErrorOverlay)
    in ErrorToastContainer (created by ErrorOverlay)
    in ErrorOverlay (created by withDevTools(ErrorOverlay))
    in withDevTools(ErrorOverlay)
    in RCTView (created by View)
    in View (created by AppContainer)
    in RCTView (created by View)
    in View (created by AppContainer)
    in AppContainer
    in main(RootComponent)
 (NOBRIDGE) ERROR  ErrorBoundary caught: [ReferenceError: Property 'getStreak' doesn't exist] {"componentStack": "
    in LeaderboardScreen
    in Unknown (created by Route(leaderboard))
    in Suspense (created by Route(leaderboard))
    in Route (created by Route(leaderboard))
    in Route(leaderboard) (created by SceneView)
    in StaticContainer
    in EnsureSingleNavigator (created by SceneView)
    in SceneView (created by BottomTabNavigator)
    in NavigationProvider (created by BottomTabNavigator)
    in RCTView (created by View)
    in View (created by Screen)
    in RCTView (created by View)
    in View (created by Animated(View))
    in Animated(View) (created by Background)
    in Background (created by Screen)
    in Screen (created by BottomTabView)
    in RNSScreen (created by Animated(Anonymous))
    in Animated(Anonymous)
    in Suspender (created by Freeze)
    in Suspense (created by Freeze)
    in Freeze (created by DelayedFreeze)
    in DelayedFreeze
    in InnerScreen (created by Screen)
    in Screen (created by MaybeScreen)
    in MaybeScreen (created by BottomTabView)
    in RNSScreenContainer (created by ScreenContainer)
    in ScreenContainer (created by MaybeScreenContainer)
    in MaybeScreenContainer (created by BottomTabView)
    in RCTView (created by View)
    in View (created by FrameSizeProvider)
    in FrameSizeProvider (created by SafeAreaProviderCompat)
    in SafeAreaProviderCompat (created by BottomTabView)
    in BottomTabView (created by BottomTabNavigator)
    in PreventRemoveProvider (created by NavigationContent)
    in NavigationStateListenerProvider (created by NavigationContent)
    in NavigationContent
    in Unknown (created by BottomTabNavigator)
    in BottomTabNavigator
    in Unknown (created by TabLayout)
    in TabLayout
    in Unknown (created by Route((tabs)))
    in Suspense (created by Route((tabs)))
    in Route (created by Route((tabs)))
    in Route((tabs)) (created by SceneView)
    in StaticContainer
    in EnsureSingleNavigator (created by SceneView)
    in SceneView (created by NativeStackNavigator)
    in NavigationProvider (created by NativeStackNavigator)
    in RNSScreenContentWrapper (created by ScreenContentWrapper)
    in ScreenContentWrapper (created by DebugContainer)
    in DebugContainer
    in RNSScreen (created by Animated(Anonymous))
    in Animated(Anonymous)
    in Suspender (created by Freeze)
    in Suspense (created by Freeze)
    in Freeze (created by DelayedFreeze)
    in DelayedFreeze
    in InnerScreen (created by Screen)
    in Screen
    in ScreenStackItem (created by SceneView)
    in NavigationProvider (created by SceneView)
    in SceneView (created by NativeStackView)
    in RNSScreenStack (created by ScreenStack)
    in Unknown (created by ScreenStack)
    in ScreenStack (created by NativeStackView)
    in RCTView (created by View)
    in View (created by FrameSizeProvider)
    in FrameSizeProvider (created by SafeAreaProviderCompat)
    in SafeAreaProviderCompat (created by NativeStackView)
    in NativeStackView (created by NativeStackNavigator)
    in PreventRemoveProvider (created by NavigationContent)
    in NavigationStateListenerProvider (created by NavigationContent)
    in NavigationContent
    in Unknown (created by NativeStackNavigator)
    in NativeStackNavigator
    in Unknown (created by RootLayoutContent)
    in ErrorBoundary (created by RootLayoutContent)
    in RootLayoutContent (created by RootLayout)
    in RootLayout
    in Unknown (created by Route())
    in Suspense (created by Route())
    in Route (created by Route())
    in Route() (created by ContextNavigator)
    in RNCSafeAreaProvider (created by SafeAreaProvider)
    in SafeAreaProvider (created by wrapper)
    in wrapper (created by ContextNavigator)
    in ThemeProvider
    in EnsureSingleNavigator
    in BaseNavigationContainer
    in NavigationContainerInner (created by ContextNavigator)
    in ContextNavigator (created by ExpoRoot)
    in ExpoRoot (created by App)
    in App (created by ErrorOverlay)
    in ErrorToastContainer (created by ErrorOverlay)
    in ErrorOverlay (created by withDevTools(ErrorOverlay))
    in withDevTools(ErrorOverlay)
    in RCTView (created by View)
    in View (created by AppContainer)
    in RCTView (created by View)
    in View (created by AppContainer)
    in AppContainer
    in main(RootComponent)"} [Component Stack]
Android Bundled 60ms node_modules\expo-router\entry.js (1 module)
 (NOBRIDGE) LOG  Bridgeless mode is enabled
 INFO  
[7m [1m💡 JavaScript logs will be removed from Metro in React Native 0.77![22m Please use React Native DevTools as your default tool. Tip: Type [1mj[22m in the terminal to open (requires Google Chrome or Microsoft Edge).[27m
 (NOBRIDGE) WARN  🚨 React Native's New Architecture is always enabled in Expo Go, but it is not explicitly enabled your project app config. This may lead to unexpected behavior when you create a production or development build. Set "newArchEnabled": true in your app.json.
Learn more: https://docs.expo.dev/guides/new-architecture/
 (NOBRIDGE) WARN  expo-notifications: Push notifications (remote notifications) functionality provided by expo-notifications will be removed from Expo Go in SDK 53. Instead, use a development build. Read more at https://docs.expo.dev/develop/development-builds/introduction/. [Component Stack]
 (NOBRIDGE) WARN  `expo-notifications` functionality is not fully supported in Expo Go:
We recommend you instead use a development build to avoid limitations. Learn more: https://expo.fyi/dev-client. [Component Stack]
 (NOBRIDGE) WARN  Failed to register push notification token: [Error: Error encountered while fetching Expo token, expected an OK response, received: 400 (body: "{"errors":[{"code":"VALIDATION_ERROR","type":"USER","message":"\"projectId\": Invalid uuid.","isTransient":false,"requestId":"f001478a-aaa2-4b6f-bd4a-72007aa032fd"}]}").]
 (NOBRIDGE) WARN  Failed to schedule notifications: [Error: Failed to schedule the notification. Trigger of type: calendar is not supported on Android.]
 (NOBRIDGE) WARN  Background music failed to start: [Error: j7.y$f: Response code: 403]
Android Bundled 64ms node_modules\expo-router\entry.js (1 module)
 (NOBRIDGE) LOG  Bridgeless mode is enabled
 INFO  
[7m [1m💡 JavaScript logs will be removed from Metro in React Native 0.77![22m Please use React Native DevTools as your default tool. Tip: Type [1mj[22m in the terminal to open (requires Google Chrome or Microsoft Edge).[27m
 (NOBRIDGE) WARN  🚨 React Native's New Architecture is always enabled in Expo Go, but it is not explicitly enabled your project app config. This may lead to unexpected behavior when you create a production or development build. Set "newArchEnabled": true in your app.json.
Learn more: https://docs.expo.dev/guides/new-architecture/
 (NOBRIDGE) WARN  expo-notifications: Push notifications (remote notifications) functionality provided by expo-notifications will be removed from Expo Go in SDK 53. Instead, use a development build. Read more at https://docs.expo.dev/develop/development-builds/introduction/. [Component Stack]
 (NOBRIDGE) WARN  `expo-notifications` functionality is not fully supported in Expo Go:
We recommend you instead use a development build to avoid limitations. Learn more: https://expo.fyi/dev-client. [Component Stack]
 (NOBRIDGE) WARN  Failed to register push notification token: [Error: Error encountered while fetching Expo token, expected an OK response, received: 400 (body: "{"errors":[{"code":"VALIDATION_ERROR","type":"USER","message":"\"projectId\": Invalid uuid.","isTransient":false,"requestId":"0065bce5-e816-4aca-80ac-52f190ad7b5e"}]}").]
 (NOBRIDGE) WARN  Failed to schedule notifications: [Error: Failed to schedule the notification. Trigger of type: calendar is not supported on Android.]
 (NOBRIDGE) WARN  Background music failed to start: [Error: j7.y$f: Response code: 403]
Debug: Launching DevTools...
Android Bundled 83ms node_modules\expo-router\entry.js (1 module)
 (NOBRIDGE) LOG  Bridgeless mode is enabled
 INFO  
[7m [1m💡 JavaScript logs will be removed from Metro in React Native 0.77![22m Please use React Native DevTools as your default tool. Tip: Type [1mj[22m in the terminal to open (requires Google Chrome or Microsoft Edge).[27m
 (NOBRIDGE) WARN  🚨 React Native's New Architecture is always enabled in Expo Go, but it is not explicitly enabled your project app config. This may lead to unexpected behavior when you create a production or development build. Set "newArchEnabled": true in your app.json.
Learn more: https://docs.expo.dev/guides/new-architecture/
 (NOBRIDGE) WARN  expo-notifications: Push notifications (remote notifications) functionality provided by expo-notifications will be removed from Expo Go in SDK 53. Instead, use a development build. Read more at https://docs.expo.dev/develop/development-builds/introduction/. [Component Stack]
 (NOBRIDGE) WARN  `expo-notifications` functionality is not fully supported in Expo Go:
We recommend you instead use a development build to avoid limitations. Learn more: https://expo.fyi/dev-client. [Component Stack]
 (NOBRIDGE) WARN  Failed to register push notification token: [Error: Error encountered while fetching Expo token, expected an OK response, received: 400 (body: "{"errors":[{"code":"VALIDATION_ERROR","type":"USER","message":"\"projectId\": Invalid uuid.","isTransient":false,"requestId":"83d9cdfa-4df2-4bb5-a2b6-96148fc11905"}]}").]
 (NOBRIDGE) WARN  Failed to schedule notifications: [Error: Failed to schedule the notification. Trigger of type: calendar is not supported on Android.]
 (NOBRIDGE) WARN  Background music failed to start: [Error: j7.y$f: Response code: 403]
Debug: Launching DevTools...
Android Bundled 119ms node_modules\expo-router\entry.js (1 module)
 (NOBRIDGE) LOG  Bridgeless mode is enabled
 INFO  
[7m [1m💡 JavaScript logs will be removed from Metro in React Native 0.77![22m Please use React Native DevTools as your default tool. Tip: Type [1mj[22m in the terminal to open (requires Google Chrome or Microsoft Edge).[27m
 (NOBRIDGE) WARN  🚨 React Native's New Architecture is always enabled in Expo Go, but it is not explicitly enabled your project app config. This may lead to unexpected behavior when you create a production or development build. Set "newArchEnabled": true in your app.json.
Learn more: https://docs.expo.dev/guides/new-architecture/
 (NOBRIDGE) WARN  expo-notifications: Push notifications (remote notifications) functionality provided by expo-notifications will be removed from Expo Go in SDK 53. Instead, use a development build. Read more at https://docs.expo.dev/develop/development-builds/introduction/. [Component Stack]
 (NOBRIDGE) WARN  `expo-notifications` functionality is not fully supported in Expo Go:
We recommend you instead use a development build to avoid limitations. Learn more: https://expo.fyi/dev-client. [Component Stack]
 (NOBRIDGE) WARN  Failed to register push notification token: [Error: Error encountered while fetching Expo token, expected an OK response, received: 400 (body: "{"errors":[{"code":"VALIDATION_ERROR","type":"USER","message":"\"projectId\": Invalid uuid.","isTransient":false,"requestId":"0cd65166-1774-4f55-a777-16645b2f2225"}]}").]
 (NOBRIDGE) WARN  Failed to schedule notifications: [Error: Failed to schedule the notification. Trigger of type: calendar is not supported on Android.]
 (NOBRIDGE) WARN  Background music failed to start: [Error: j7.y$f: Response code: 403]
Android Bundled 236ms node_modules\expo-router\entry.js (1 module)
 (NOBRIDGE) LOG  Bridgeless mode is enabled
 INFO  
[7m [1m💡 JavaScript logs will be removed from Metro in React Native 0.77![22m Please use React Native DevTools as your default tool. Tip: Type [1mj[22m in the terminal to open (requires Google Chrome or Microsoft Edge).[27m
 (NOBRIDGE) WARN  🚨 React Native's New Architecture is always enabled in Expo Go, but it is not explicitly enabled your project app config. This may lead to unexpected behavior when you create a production or development build. Set "newArchEnabled": true in your app.json.
Learn more: https://docs.expo.dev/guides/new-architecture/
 (NOBRIDGE) WARN  expo-notifications: Push notifications (remote notifications) functionality provided by expo-notifications will be removed from Expo Go in SDK 53. Instead, use a development build. Read more at https://docs.expo.dev/develop/development-builds/introduction/. [Component Stack]
 (NOBRIDGE) WARN  `expo-notifications` functionality is not fully supported in Expo Go:
We recommend you instead use a development build to avoid limitations. Learn more: https://expo.fyi/dev-client. [Component Stack]
 (NOBRIDGE) WARN  Failed to register push notification token: [Error: Error encountered while fetching Expo token, expected an OK response, received: 400 (body: "{"errors":[{"code":"VALIDATION_ERROR","type":"USER","message":"\"projectId\": Invalid uuid.","isTransient":false,"requestId":"d8aefde4-aa97-4444-9906-fc1a01fd0c71"}]}").]
 (NOBRIDGE) WARN  Failed to schedule notifications: [Error: Failed to schedule the notification. Trigger of type: calendar is not supported on Android.]
 (NOBRIDGE) WARN  Background music failed to start: [Error: j7.y$f: Response code: 403]
 (NOBRIDGE) WARN  Audio play failed: [Error: j7.y$f: Response code: 403]
Android Bundled 53ms node_modules\expo-router\entry.js (1 module)
 (NOBRIDGE) LOG  Bridgeless mode is enabled
 INFO  
[7m [1m💡 JavaScript logs will be removed from Metro in React Native 0.77![22m Please use React Native DevTools as your default tool. Tip: Type [1mj[22m in the terminal to open (requires Google Chrome or Microsoft Edge).[27m
 (NOBRIDGE) WARN  🚨 React Native's New Architecture is always enabled in Expo Go, but it is not explicitly enabled your project app config. This may lead to unexpected behavior when you create a production or development build. Set "newArchEnabled": true in your app.json.
Learn more: https://docs.expo.dev/guides/new-architecture/
 (NOBRIDGE) WARN  expo-notifications: Push notifications (remote notifications) functionality provided by expo-notifications will be removed from Expo Go in SDK 53. Instead, use a development build. Read more at https://docs.expo.dev/develop/development-builds/introduction/. [Component Stack]
 (NOBRIDGE) WARN  `expo-notifications` functionality is not fully supported in Expo Go:
We recommend you instead use a development build to avoid limitations. Learn more: https://expo.fyi/dev-client. [Component Stack]
 (NOBRIDGE) WARN  Failed to register push notification token: [Error: Error encountered while fetching Expo token, expected an OK response, received: 400 (body: "{"errors":[{"code":"VALIDATION_ERROR","type":"USER","message":"\"projectId\": Invalid uuid.","isTransient":false,"requestId":"e1487bcb-04ec-4e28-8f84-afb94448668e"}]}").]
 (NOBRIDGE) WARN  Failed to schedule notifications: [Error: Failed to schedule the notification. Trigger of type: calendar is not supported on Android.]
 (NOBRIDGE) WARN  Background music failed to start: [Error: j7.y$f: Response code: 403]
 (NOBRIDGE) WARN  Audio play failed: [Error: j7.y$f: Response code: 403]
Android Bundled 56ms node_modules\expo-router\entry.js (1 module)
 (NOBRIDGE) LOG  Bridgeless mode is enabled
 INFO  
[7m [1m💡 JavaScript logs will be removed from Metro in React Native 0.77![22m Please use React Native DevTools as your default tool. Tip: Type [1mj[22m in the terminal to open (requires Google Chrome or Microsoft Edge).[27m
 (NOBRIDGE) WARN  🚨 React Native's New Architecture is always enabled in Expo Go, but it is not explicitly enabled your project app config. This may lead to unexpected behavior when you create a production or development build. Set "newArchEnabled": true in your app.json.
Learn more: https://docs.expo.dev/guides/new-architecture/
 (NOBRIDGE) WARN  expo-notifications: Push notifications (remote notifications) functionality provided by expo-notifications will be removed from Expo Go in SDK 53. Instead, use a development build. Read more at https://docs.expo.dev/develop/development-builds/introduction/. [Component Stack]
 (NOBRIDGE) WARN  `expo-notifications` functionality is not fully supported in Expo Go:
We recommend you instead use a development build to avoid limitations. Learn more: https://expo.fyi/dev-client. [Component Stack]
 (NOBRIDGE) WARN  Failed to register push notification token: [Error: Error encountered while fetching Expo token, expected an OK response, received: 400 (body: "{"errors":[{"code":"VALIDATION_ERROR","type":"USER","message":"\"projectId\": Invalid uuid.","isTransient":false,"requestId":"33655865-0192-4db4-a6c5-e41667f9b7b1"}]}").]
 (NOBRIDGE) WARN  Failed to schedule notifications: [Error: Failed to schedule the notification. Trigger of type: calendar is not supported on Android.]
 (NOBRIDGE) WARN  Background music failed to start: [Error: j7.y$f: Response code: 403]
 (NOBRIDGE) WARN  Audio play failed: [Error: j7.y$f: Response code: 403]
Android Bundled 1725ms node_modules\expo-router\entry.js (1855 modules)
Android Bundled 120ms node_modules\expo-router\entry.js (1 module)
 (NOBRIDGE) LOG  Bridgeless mode is enabled
 INFO  
[7m [1m💡 JavaScript logs will be removed from Metro in React Native 0.77![22m Please use React Native DevTools as your default tool. Tip: Type [1mj[22m in the terminal to open (requires Google Chrome or Microsoft Edge).[27m
 (NOBRIDGE) WARN  🚨 React Native's New Architecture is always enabled in Expo Go, but it is not explicitly enabled your project app config. This may lead to unexpected behavior when you create a production or development build. Set "newArchEnabled": true in your app.json.
Learn more: https://docs.expo.dev/guides/new-architecture/
 (NOBRIDGE) WARN  expo-notifications: Push notifications (remote notifications) functionality provided by expo-notifications will be removed from Expo Go in SDK 53. Instead, use a development build. Read more at https://docs.expo.dev/develop/development-builds/introduction/. [Component Stack]
 (NOBRIDGE) WARN  `expo-notifications` functionality is not fully supported in Expo Go:
We recommend you instead use a development build to avoid limitations. Learn more: https://expo.fyi/dev-client. [Component Stack]
 (NOBRIDGE) WARN  Failed to register push notification token: [Error: Error encountered while fetching Expo token, expected an OK response, received: 400 (body: "{"errors":[{"code":"VALIDATION_ERROR","type":"USER","message":"\"projectId\": Invalid uuid.","isTransient":false,"requestId":"cedfb3cd-304a-4fd0-bb1c-a62aafa0b7cf"}]}").]
 (NOBRIDGE) WARN  Failed to schedule notifications: [Error: Failed to schedule the notification. Trigger of type: calendar is not supported on Android.]
 (NOBRIDGE) WARN  Background music failed to start: [Error: j7.y$f: Response code: 403]
Android Bundled 82ms node_modules\expo-router\entry.js (1 module)
 (NOBRIDGE) LOG  Bridgeless mode is enabled
 INFO  
[7m [1m💡 JavaScript logs will be removed from Metro in React Native 0.77![22m Please use React Native DevTools as your default tool. Tip: Type [1mj[22m in the terminal to open (requires Google Chrome or Microsoft Edge).[27m
 (NOBRIDGE) WARN  🚨 React Native's New Architecture is always enabled in Expo Go, but it is not explicitly enabled your project app config. This may lead to unexpected behavior when you create a production or development build. Set "newArchEnabled": true in your app.json.
Learn more: https://docs.expo.dev/guides/new-architecture/
 (NOBRIDGE) WARN  expo-notifications: Push notifications (remote notifications) functionality provided by expo-notifications will be removed from Expo Go in SDK 53. Instead, use a development build. Read more at https://docs.expo.dev/develop/development-builds/introduction/. [Component Stack]
 (NOBRIDGE) WARN  `expo-notifications` functionality is not fully supported in Expo Go:
We recommend you instead use a development build to avoid limitations. Learn more: https://expo.fyi/dev-client. [Component Stack]
 (NOBRIDGE) WARN  Failed to register push notification token: [Error: Error encountered while fetching Expo token, expected an OK response, received: 400 (body: "{"errors":[{"code":"VALIDATION_ERROR","type":"USER","message":"\"projectId\": Invalid uuid.","isTransient":false,"requestId":"9ef8128f-68ce-4430-ab4c-353eb46e12db"}]}").]
 (NOBRIDGE) WARN  Failed to schedule notifications: [Error: Failed to schedule the notification. Trigger of type: calendar is not supported on Android.]
 (NOBRIDGE) WARN  Background music failed to start: [Error: j7.y$f: Response code: 403]
Android Bundled 77ms node_modules\expo-router\entry.js (1 module)
 (NOBRIDGE) LOG  Bridgeless mode is enabled
 INFO  
[7m [1m💡 JavaScript logs will be removed from Metro in React Native 0.77![22m Please use React Native DevTools as your default tool. Tip: Type [1mj[22m in the terminal to open (requires Google Chrome or Microsoft Edge).[27m
 (NOBRIDGE) WARN  🚨 React Native's New Architecture is always enabled in Expo Go, but it is not explicitly enabled your project app config. This may lead to unexpected behavior when you create a production or development build. Set "newArchEnabled": true in your app.json.
Learn more: https://docs.expo.dev/guides/new-architecture/
 (NOBRIDGE) WARN  expo-notifications: Push notifications (remote notifications) functionality provided by expo-notifications will be removed from Expo Go in SDK 53. Instead, use a development build. Read more at https://docs.expo.dev/develop/development-builds/introduction/. [Component Stack]
 (NOBRIDGE) WARN  `expo-notifications` functionality is not fully supported in Expo Go:
We recommend you instead use a development build to avoid limitations. Learn more: https://expo.fyi/dev-client. [Component Stack]
 (NOBRIDGE) WARN  Failed to register push notification token: [Error: Error encountered while fetching Expo token, expected an OK response, received: 400 (body: "{"errors":[{"code":"VALIDATION_ERROR","type":"USER","message":"\"projectId\": Invalid uuid.","isTransient":false,"requestId":"af8ecda3-6b3d-443d-ad70-fb6c515d43e9"}]}").]
 (NOBRIDGE) WARN  Failed to schedule notifications: [Error: Failed to schedule the notification. Trigger of type: calendar is not supported on Android.]
 (NOBRIDGE) WARN  Background music failed to start: [Error: j7.y$f: Response code: 403]
Android Bundled 19652ms node_modules\expo-router\entry.js (1969 modules)
Android Bundled 181ms node_modules\expo-router\entry.js (1 module)
Android Bundled 126ms node_modules\expo-router\entry.js (1 module)
 (NOBRIDGE) LOG  Bridgeless mode is enabled
 INFO  
[7m [1m💡 JavaScript logs will be removed from Metro in React Native 0.77![22m Please use React Native DevTools as your default tool. Tip: Type [1mj[22m in the terminal to open (requires Google Chrome or Microsoft Edge).[27m
 (NOBRIDGE) WARN  🚨 React Native's New Architecture is always enabled in Expo Go, but it is not explicitly enabled your project app config. This may lead to unexpected behavior when you create a production or development build. Set "newArchEnabled": true in your app.json.
Learn more: https://docs.expo.dev/guides/new-architecture/
 (NOBRIDGE) WARN  expo-notifications: Push notifications (remote notifications) functionality provided by expo-notifications will be removed from Expo Go in SDK 53. Instead, use a development build. Read more at https://docs.expo.dev/develop/development-builds/introduction/. [Component Stack]
 (NOBRIDGE) WARN  `expo-notifications` functionality is not fully supported in Expo Go:
We recommend you instead use a development build to avoid limitations. Learn more: https://expo.fyi/dev-client. [Component Stack]
 (NOBRIDGE) WARN  [2026-08-01T12:33:16.851Z]  @firebase/auth: Auth (10.14.1): 
You are initializing Firebase Auth for React Native without providing
AsyncStorage. Auth state will default to memory persistence and will not
persist between sessions. In order to persist auth state, install the package
"@react-native-async-storage/async-storage" and provide it to
initializeAuth:

import { initializeAuth, getReactNativePersistence } from 'firebase/auth';
import ReactNativeAsyncStorage from '@react-native-async-storage/async-storage';
const auth = initializeAuth(app, {
  persistence: getReactNativePersistence(ReactNativeAsyncStorage)
});
 [Component Stack]
 (NOBRIDGE) WARN  Failed to register push notification token: [Error: Error encountered while fetching Expo token, expected an OK response, received: 400 (body: "{"errors":[{"code":"VALIDATION_ERROR","type":"USER","message":"\"projectId\": Invalid uuid.","isTransient":false,"requestId":"ac6a971f-6daa-4c23-863b-5ffc1730a470"}]}").]
 (NOBRIDGE) WARN  Failed to schedule notifications: [Error: Failed to schedule the notification. Trigger of type: calendar is not supported on Android.]
 (NOBRIDGE) WARN  Background music failed to start: [Error: j7.y$f: Response code: 403]
 (NOBRIDGE) WARN  Failed to create user profile: [FirebaseError: Failed to get document because the client is offline.]
 (NOBRIDGE) ERROR  Warning: Error: E_IAP_NOT_AVAILABLE

This error is located at:
    in StoreModal (created by GameMenuScreen)
    in RCTView (created by View)
    in View (created by NativeLinearGradient)
    in NativeLinearGradient (created by LinearGradient)
    in LinearGradient (created by GameMenuScreen)
    in GameMenuScreen (created by GameScreen)
    in RCTView (created by View)
    in View (created by GameScreen)
    in GameScreen
    in Unknown (created by Route(index))
    in Suspense (created by Route(index))
    in Route (created by Route(index))
    in Route(index) (created by SceneView)
    in StaticContainer
    in EnsureSingleNavigator (created by SceneView)
    in SceneView (created by BottomTabNavigator)
    in NavigationProvider (created by BottomTabNavigator)
    in RCTView (created by View)
    in View (created by Screen)
    in RCTView (created by View)
    in View (created by Animated(View))
    in Animated(View) (created by Background)
    in Background (created by Screen)
    in Screen (created by BottomTabView)
    in RNSScreen (created by Animated(Anonymous))
    in Animated(Anonymous)
    in Suspender (created by Freeze)
    in Suspense (created by Freeze)
    in Freeze (created by DelayedFreeze)
    in DelayedFreeze
    in InnerScreen (created by Screen)
    in Screen (created by MaybeScreen)
    in MaybeScreen (created by BottomTabView)
    in RNSScreenContainer (created by ScreenContainer)
    in ScreenContainer (created by MaybeScreenContainer)
    in MaybeScreenContainer (created by BottomTabView)
    in RCTView (created by View)
    in View (created by FrameSizeProvider)
    in FrameSizeProvider (created by SafeAreaProviderCompat)
    in SafeAreaProviderCompat (created by BottomTabView)
    in BottomTabView (created by BottomTabNavigator)
    in PreventRemoveProvider (created by NavigationContent)
    in NavigationStateListenerProvider (created by NavigationContent)
    in NavigationContent
    in Unknown (created by BottomTabNavigator)
    in BottomTabNavigator
    in Unknown (created by TabLayout)
    in TabLayout
    in Unknown (created by Route((tabs)))
    in Suspense (created by Route((tabs)))
    in Route (created by Route((tabs)))
    in Route((tabs)) (created by SceneView)
    in StaticContainer
    in EnsureSingleNavigator (created by SceneView)
    in SceneView (created by NativeStackNavigator)
    in NavigationProvider (created by NativeStackNavigator)
    in RNSScreenContentWrapper (created by ScreenContentWrapper)
    in ScreenContentWrapper (created by DebugContainer)
    in DebugContainer
    in RNSScreen (created by Animated(Anonymous))
    in Animated(Anonymous)
    in Suspender (created by Freeze)
    in Suspense (created by Freeze)
    in Freeze (created by DelayedFreeze)
    in DelayedFreeze
    in InnerScreen (created by Screen)
    in Screen
    in ScreenStackItem (created by SceneView)
    in NavigationProvider (created by SceneView)
    in SceneView (created by NativeStackView)
    in RNSScreenStack (created by ScreenStack)
    in Unknown (created by ScreenStack)
    in ScreenStack (created by NativeStackView)
    in RCTView (created by View)
    in View (created by FrameSizeProvider)
    in FrameSizeProvider (created by SafeAreaProviderCompat)
    in SafeAreaProviderCompat (created by NativeStackView)
    in NativeStackView (created by NativeStackNavigator)
    in PreventRemoveProvider (created by NavigationContent)
    in NavigationStateListenerProvider (created by NavigationContent)
    in NavigationContent
    in Unknown (created by NativeStackNavigator)
    in NativeStackNavigator
    in Unknown (created by RootLayoutContent)
    in ErrorBoundary (created by RootLayoutContent)
    in RootLayoutContent (created by RootLayout)
    in RootLayout
    in Unknown (created by Route())
    in Suspense (created by Route())
    in Route (created by Route())
    in Route() (created by ContextNavigator)
    in RNCSafeAreaProvider (created by SafeAreaProvider)
    in SafeAreaProvider (created by wrapper)
    in wrapper (created by ContextNavigator)
    in ThemeProvider
    in EnsureSingleNavigator
    in BaseNavigationContainer
    in NavigationContainerInner (created by ContextNavigator)
    in ContextNavigator (created by ExpoRoot)
    in ExpoRoot (created by App)
    in App (created by ErrorOverlay)
    in ErrorToastContainer (created by ErrorOverlay)
    in ErrorOverlay (created by withDevTools(ErrorOverlay))
    in withDevTools(ErrorOverlay)
    in RCTView (created by View)
    in View (created by AppContainer)
    in RCTView (created by View)
    in View (created by AppContainer)
    in AppContainer
    in main(RootComponent)
 (NOBRIDGE) ERROR  ErrorBoundary caught: [Error: E_IAP_NOT_AVAILABLE] {"componentStack": "
    in StoreModal (created by GameMenuScreen)
    in RCTView (created by View)
    in View (created by NativeLinearGradient)
    in NativeLinearGradient (created by LinearGradient)
    in LinearGradient (created by GameMenuScreen)
    in GameMenuScreen (created by GameScreen)
    in RCTView (created by View)
    in View (created by GameScreen)
    in GameScreen
    in Unknown (created by Route(index))
    in Suspense (created by Route(index))
    in Route (created by Route(index))
    in Route(index) (created by SceneView)
    in StaticContainer
    in EnsureSingleNavigator (created by SceneView)
    in SceneView (created by BottomTabNavigator)
    in NavigationProvider (created by BottomTabNavigator)
    in RCTView (created by View)
    in View (created by Screen)
    in RCTView (created by View)
    in View (created by Animated(View))
    in Animated(View) (created by Background)
    in Background (created by Screen)
    in Screen (created by BottomTabView)
    in RNSScreen (created by Animated(Anonymous))
    in Animated(Anonymous)
    in Suspender (created by Freeze)
    in Suspense (created by Freeze)
    in Freeze (created by DelayedFreeze)
    in DelayedFreeze
    in InnerScreen (created by Screen)
    in Screen (created by MaybeScreen)
    in MaybeScreen (created by BottomTabView)
    in RNSScreenContainer (created by ScreenContainer)
    in ScreenContainer (created by MaybeScreenContainer)
    in MaybeScreenContainer (created by BottomTabView)
    in RCTView (created by View)
    in View (created by FrameSizeProvider)
    in FrameSizeProvider (created by SafeAreaProviderCompat)
    in SafeAreaProviderCompat (created by BottomTabView)
    in BottomTabView (created by BottomTabNavigator)
    in PreventRemoveProvider (created by NavigationContent)
    in NavigationStateListenerProvider (created by NavigationContent)
    in NavigationContent
    in Unknown (created by BottomTabNavigator)
    in BottomTabNavigator
    in Unknown (created by TabLayout)
    in TabLayout
    in Unknown (created by Route((tabs)))
    in Suspense (created by Route((tabs)))
    in Route (created by Route((tabs)))
    in Route((tabs)) (created by SceneView)
    in StaticContainer
    in EnsureSingleNavigator (created by SceneView)
    in SceneView (created by NativeStackNavigator)
    in NavigationProvider (created by NativeStackNavigator)
    in RNSScreenContentWrapper (created by ScreenContentWrapper)
    in ScreenContentWrapper (created by DebugContainer)
    in DebugContainer
    in RNSScreen (created by Animated(Anonymous))
    in Animated(Anonymous)
    in Suspender (created by Freeze)
    in Suspense (created by Freeze)
    in Freeze (created by DelayedFreeze)
    in DelayedFreeze
    in InnerScreen (created by Screen)
    in Screen
    in ScreenStackItem (created by SceneView)
    in NavigationProvider (created by SceneView)
    in SceneView (created by NativeStackView)
    in RNSScreenStack (created by ScreenStack)
    in Unknown (created by ScreenStack)
    in ScreenStack (created by NativeStackView)
    in RCTView (created by View)
    in View (created by FrameSizeProvider)
    in FrameSizeProvider (created by SafeAreaProviderCompat)
    in SafeAreaProviderCompat (created by NativeStackView)
    in NativeStackView (created by NativeStackNavigator)
    in PreventRemoveProvider (created by NavigationContent)
    in NavigationStateListenerProvider (created by NavigationContent)
    in NavigationContent
    in Unknown (created by NativeStackNavigator)
    in NativeStackNavigator
    in Unknown (created by RootLayoutContent)
    in ErrorBoundary (created by RootLayoutContent)
    in RootLayoutContent (created by RootLayout)
    in RootLayout
    in Unknown (created by Route())
    in Suspense (created by Route())
    in Route (created by Route())
    in Route() (created by ContextNavigator)
    in RNCSafeAreaProvider (created by SafeAreaProvider)
    in SafeAreaProvider (created by wrapper)
    in wrapper (created by ContextNavigator)
    in ThemeProvider
    in EnsureSingleNavigator
    in BaseNavigationContainer
    in NavigationContainerInner (created by ContextNavigator)
    in ContextNavigator (created by ExpoRoot)
    in ExpoRoot (created by App)
    in App (created by ErrorOverlay)
    in ErrorToastContainer (created by ErrorOverlay)
    in ErrorOverlay (created by withDevTools(ErrorOverlay))
    in withDevTools(ErrorOverlay)
    in RCTView (created by View)
    in View (created by AppContainer)
    in RCTView (created by View)
    in View (created by AppContainer)
    in AppContainer
    in main(RootComponent)"} [Component Stack]
Android Bundled 119ms node_modules\expo-router\entry.js (1 module)
 (NOBRIDGE) LOG  Bridgeless mode is enabled
 INFO  
[7m [1m💡 JavaScript logs will be removed from Metro in React Native 0.77![22m Please use React Native DevTools as your default tool. Tip: Type [1mj[22m in the terminal to open (requires Google Chrome or Microsoft Edge).[27m
 (NOBRIDGE) WARN  🚨 React Native's New Architecture is always enabled in Expo Go, but it is not explicitly enabled your project app config. This may lead to unexpected behavior when you create a production or development build. Set "newArchEnabled": true in your app.json.
Learn more: https://docs.expo.dev/guides/new-architecture/
 (NOBRIDGE) WARN  expo-notifications: Push notifications (remote notifications) functionality provided by expo-notifications will be removed from Expo Go in SDK 53. Instead, use a development build. Read more at https://docs.expo.dev/develop/development-builds/introduction/. [Component Stack]
 (NOBRIDGE) WARN  `expo-notifications` functionality is not fully supported in Expo Go:
We recommend you instead use a development build to avoid limitations. Learn more: https://expo.fyi/dev-client. [Component Stack]
 (NOBRIDGE) WARN  [2026-08-01T12:36:16.646Z]  @firebase/auth: Auth (10.14.1): 
You are initializing Firebase Auth for React Native without providing
AsyncStorage. Auth state will default to memory persistence and will not
persist between sessions. In order to persist auth state, install the package
"@react-native-async-storage/async-storage" and provide it to
initializeAuth:

import { initializeAuth, getReactNativePersistence } from 'firebase/auth';
import ReactNativeAsyncStorage from '@react-native-async-storage/async-storage';
const auth = initializeAuth(app, {
  persistence: getReactNativePersistence(ReactNativeAsyncStorage)
});
 [Component Stack]
 (NOBRIDGE) WARN  Failed to register push notification token: [Error: Error encountered while fetching Expo token, expected an OK response, received: 400 (body: "{"errors":[{"code":"VALIDATION_ERROR","type":"USER","message":"\"projectId\": Invalid uuid.","isTransient":false,"requestId":"1a236bc3-edbc-49bd-bae2-567ea9c8c2c5"}]}").]
 (NOBRIDGE) WARN  Failed to schedule notifications: [Error: Failed to schedule the notification. Trigger of type: calendar is not supported on Android.]
 (NOBRIDGE) WARN  Background music failed to start: [Error: j7.y$f: Response code: 403]
Android Bundled 144ms node_modules\expo-router\entry.js (1 module)
 (NOBRIDGE) LOG  Bridgeless mode is enabled
 INFO  
[7m [1m💡 JavaScript logs will be removed from Metro in React Native 0.77![22m Please use React Native DevTools as your default tool. Tip: Type [1mj[22m in the terminal to open (requires Google Chrome or Microsoft Edge).[27m
 (NOBRIDGE) WARN  🚨 React Native's New Architecture is always enabled in Expo Go, but it is not explicitly enabled your project app config. This may lead to unexpected behavior when you create a production or development build. Set "newArchEnabled": true in your app.json.
Learn more: https://docs.expo.dev/guides/new-architecture/
 (NOBRIDGE) WARN  expo-notifications: Push notifications (remote notifications) functionality provided by expo-notifications will be removed from Expo Go in SDK 53. Instead, use a development build. Read more at https://docs.expo.dev/develop/development-builds/introduction/. [Component Stack]
 (NOBRIDGE) WARN  `expo-notifications` functionality is not fully supported in Expo Go:
We recommend you instead use a development build to avoid limitations. Learn more: https://expo.fyi/dev-client. [Component Stack]
 (NOBRIDGE) WARN  [2026-08-01T12:39:43.992Z]  @firebase/auth: Auth (10.14.1): 
You are initializing Firebase Auth for React Native without providing
AsyncStorage. Auth state will default to memory persistence and will not
persist between sessions. In order to persist auth state, install the package
"@react-native-async-storage/async-storage" and provide it to
initializeAuth:

import { initializeAuth, getReactNativePersistence } from 'firebase/auth';
import ReactNativeAsyncStorage from '@react-native-async-storage/async-storage';
const auth = initializeAuth(app, {
  persistence: getReactNativePersistence(ReactNativeAsyncStorage)
});
 [Component Stack]
 (NOBRIDGE) WARN  Failed to register push notification token: [Error: Error encountered while fetching Expo token, expected an OK response, received: 400 (body: "{"errors":[{"code":"VALIDATION_ERROR","type":"USER","message":"\"projectId\": Invalid uuid.","isTransient":false,"requestId":"72810b93-3083-4370-8d82-b8f7da279d28"}]}").]
 (NOBRIDGE) WARN  Failed to schedule notifications: [Error: Failed to schedule the notification. Trigger of type: calendar is not supported on Android.]
 (NOBRIDGE) WARN  Background music failed to start: [Error: j7.y$f: Response code: 403]
 (NOBRIDGE) WARN  Audio play failed: [Error: j7.y$f: Response code: 403]
 (NOBRIDGE) WARN  Audio play failed: [Error: j7.y$f: Response code: 403]
 (NOBRIDGE) WARN  Audio play failed: [Error: j7.y$f: Response code: 403]
Android Bundled 154ms node_modules\expo-router\entry.js (1 module)
 (NOBRIDGE) LOG  Bridgeless mode is enabled
 INFO  
[7m [1m💡 JavaScript logs will be removed from Metro in React Native 0.77![22m Please use React Native DevTools as your default tool. Tip: Type [1mj[22m in the terminal to open (requires Google Chrome or Microsoft Edge).[27m
 (NOBRIDGE) WARN  🚨 React Native's New Architecture is always enabled in Expo Go, but it is not explicitly enabled your project app config. This may lead to unexpected behavior when you create a production or development build. Set "newArchEnabled": true in your app.json.
Learn more: https://docs.expo.dev/guides/new-architecture/
 (NOBRIDGE) WARN  expo-notifications: Push notifications (remote notifications) functionality provided by expo-notifications will be removed from Expo Go in SDK 53. Instead, use a development build. Read more at https://docs.expo.dev/develop/development-builds/introduction/. [Component Stack]
 (NOBRIDGE) WARN  `expo-notifications` functionality is not fully supported in Expo Go:
We recommend you instead use a development build to avoid limitations. Learn more: https://expo.fyi/dev-client. [Component Stack]
 (NOBRIDGE) WARN  [2026-08-01T12:48:15.980Z]  @firebase/auth: Auth (10.14.1): 
You are initializing Firebase Auth for React Native without providing
AsyncStorage. Auth state will default to memory persistence and will not
persist between sessions. In order to persist auth state, install the package
"@react-native-async-storage/async-storage" and provide it to
initializeAuth:

import { initializeAuth, getReactNativePersistence } from 'firebase/auth';
import ReactNativeAsyncStorage from '@react-native-async-storage/async-storage';
const auth = initializeAuth(app, {
  persistence: getReactNativePersistence(ReactNativeAsyncStorage)
});
 [Component Stack]
 (NOBRIDGE) WARN  Failed to register push notification token: [Error: Error encountered while fetching Expo token, expected an OK response, received: 400 (body: "{"errors":[{"code":"VALIDATION_ERROR","type":"USER","message":"\"projectId\": Invalid uuid.","isTransient":false,"requestId":"7caadc00-8a2b-4e8b-94a0-f1afb24dd0bb"}]}").]
 (NOBRIDGE) WARN  Failed to schedule notifications: [Error: Failed to schedule the notification. Trigger of type: calendar is not supported on Android.]
 (NOBRIDGE) WARN  Background music failed to start: [Error: j7.y$f: Response code: 403]
Android Bundled 139ms node_modules\expo-router\entry.js (1 module)
 (NOBRIDGE) LOG  Bridgeless mode is enabled
 INFO  
[7m [1m💡 JavaScript logs will be removed from Metro in React Native 0.77![22m Please use React Native DevTools as your default tool. Tip: Type [1mj[22m in the terminal to open (requires Google Chrome or Microsoft Edge).[27m
 (NOBRIDGE) WARN  🚨 React Native's New Architecture is always enabled in Expo Go, but it is not explicitly enabled your project app config. This may lead to unexpected behavior when you create a production or development build. Set "newArchEnabled": true in your app.json.
Learn more: https://docs.expo.dev/guides/new-architecture/
 (NOBRIDGE) WARN  expo-notifications: Push notifications (remote notifications) functionality provided by expo-notifications will be removed from Expo Go in SDK 53. Instead, use a development build. Read more at https://docs.expo.dev/develop/development-builds/introduction/. [Component Stack]
 (NOBRIDGE) WARN  `expo-notifications` functionality is not fully supported in Expo Go:
We recommend you instead use a development build to avoid limitations. Learn more: https://expo.fyi/dev-client. [Component Stack]
 (NOBRIDGE) WARN  [Reanimated] Reduced motion setting is enabled on this device. This warning is visible only in the development mode. Some animations will be disabled by default. You can override the behavior for individual animations, see https://docs.swmansion.com/react-native-reanimated/docs/guides/troubleshooting#reduced-motion-setting-is-enabled-on-this-device.
 (NOBRIDGE) WARN  [2026-08-01T12:51:55.849Z]  @firebase/auth: Auth (10.14.1): 
You are initializing Firebase Auth for React Native without providing
AsyncStorage. Auth state will default to memory persistence and will not
persist between sessions. In order to persist auth state, install the package
"@react-native-async-storage/async-storage" and provide it to
initializeAuth:

import { initializeAuth, getReactNativePersistence } from 'firebase/auth';
import ReactNativeAsyncStorage from '@react-native-async-storage/async-storage';
const auth = initializeAuth(app, {
  persistence: getReactNativePersistence(ReactNativeAsyncStorage)
});
 [Component Stack]
 (NOBRIDGE) WARN  Failed to register push notification token: [Error: Error encountered while fetching Expo token, expected an OK response, received: 400 (body: "{"errors":[{"code":"VALIDATION_ERROR","type":"USER","message":"\"projectId\": Invalid uuid.","isTransient":false,"requestId":"8c150a16-b394-4ab3-a9cb-d02096a0d494"}]}").]
 (NOBRIDGE) WARN  Failed to schedule notifications: [Error: Failed to schedule the notification. Trigger of type: calendar is not supported on Android.]
 (NOBRIDGE) WARN  Background music failed to start: [Error: j7.y$f: Response code: 403]
Android Bundled 138ms node_modules\expo-router\entry.js (1 module)
 (NOBRIDGE) LOG  Bridgeless mode is enabled
 INFO  
[7m [1m💡 JavaScript logs will be removed from Metro in React Native 0.77![22m Please use React Native DevTools as your default tool. Tip: Type [1mj[22m in the terminal to open (requires Google Chrome or Microsoft Edge).[27m
 (NOBRIDGE) WARN  🚨 React Native's New Architecture is always enabled in Expo Go, but it is not explicitly enabled your project app config. This may lead to unexpected behavior when you create a production or development build. Set "newArchEnabled": true in your app.json.
Learn more: https://docs.expo.dev/guides/new-architecture/
 (NOBRIDGE) WARN  expo-notifications: Push notifications (remote notifications) functionality provided by expo-notifications will be removed from Expo Go in SDK 53. Instead, use a development build. Read more at https://docs.expo.dev/develop/development-builds/introduction/. [Component Stack]
 (NOBRIDGE) WARN  `expo-notifications` functionality is not fully supported in Expo Go:
We recommend you instead use a development build to avoid limitations. Learn more: https://expo.fyi/dev-client. [Component Stack]
 (NOBRIDGE) WARN  [Reanimated] Reduced motion setting is enabled on this device. This warning is visible only in the development mode. Some animations will be disabled by default. You can override the behavior for individual animations, see https://docs.swmansion.com/react-native-reanimated/docs/guides/troubleshooting#reduced-motion-setting-is-enabled-on-this-device.
 (NOBRIDGE) WARN  [2026-08-01T12:55:11.308Z]  @firebase/auth: Auth (10.14.1): 
You are initializing Firebase Auth for React Native without providing
AsyncStorage. Auth state will default to memory persistence and will not
persist between sessions. In order to persist auth state, install the package
"@react-native-async-storage/async-storage" and provide it to
initializeAuth:

import { initializeAuth, getReactNativePersistence } from 'firebase/auth';
import ReactNativeAsyncStorage from '@react-native-async-storage/async-storage';
const auth = initializeAuth(app, {
  persistence: getReactNativePersistence(ReactNativeAsyncStorage)
});
 [Component Stack]
 (NOBRIDGE) WARN  Failed to register push notification token: [Error: Error encountered while fetching Expo token, expected an OK response, received: 400 (body: "{"errors":[{"code":"VALIDATION_ERROR","type":"USER","message":"\"projectId\": Invalid uuid.","isTransient":false,"requestId":"53350040-7655-4436-bbc5-37cf3c21b459"}]}").]
 (NOBRIDGE) WARN  Failed to schedule notifications: [Error: Failed to schedule the notification. Trigger of type: calendar is not supported on Android.]
 (NOBRIDGE) WARN  Background music failed to start: [Error: j7.y$f: Response code: 403]
Android Bundled 143ms node_modules\expo-router\entry.js (1 module)
 (NOBRIDGE) LOG  Bridgeless mode is enabled
 INFO  
[7m [1m💡 JavaScript logs will be removed from Metro in React Native 0.77![22m Please use React Native DevTools as your default tool. Tip: Type [1mj[22m in the terminal to open (requires Google Chrome or Microsoft Edge).[27m
 (NOBRIDGE) WARN  🚨 React Native's New Architecture is always enabled in Expo Go, but it is not explicitly enabled your project app config. This may lead to unexpected behavior when you create a production or development build. Set "newArchEnabled": true in your app.json.
Learn more: https://docs.expo.dev/guides/new-architecture/
 (NOBRIDGE) WARN  expo-notifications: Push notifications (remote notifications) functionality provided by expo-notifications will be removed from Expo Go in SDK 53. Instead, use a development build. Read more at https://docs.expo.dev/develop/development-builds/introduction/. [Component Stack]
 (NOBRIDGE) WARN  `expo-notifications` functionality is not fully supported in Expo Go:
We recommend you instead use a development build to avoid limitations. Learn more: https://expo.fyi/dev-client. [Component Stack]
 (NOBRIDGE) WARN  [Reanimated] Reduced motion setting is enabled on this device. This warning is visible only in the development mode. Some animations will be disabled by default. You can override the behavior for individual animations, see https://docs.swmansion.com/react-native-reanimated/docs/guides/troubleshooting#reduced-motion-setting-is-enabled-on-this-device.
 (NOBRIDGE) WARN  [2026-08-01T12:58:18.689Z]  @firebase/auth: Auth (10.14.1): 
You are initializing Firebase Auth for React Native without providing
AsyncStorage. Auth state will default to memory persistence and will not
persist between sessions. In order to persist auth state, install the package
"@react-native-async-storage/async-storage" and provide it to
initializeAuth:

import { initializeAuth, getReactNativePersistence } from 'firebase/auth';
import ReactNativeAsyncStorage from '@react-native-async-storage/async-storage';
const auth = initializeAuth(app, {
  persistence: getReactNativePersistence(ReactNativeAsyncStorage)
});
 [Component Stack]
 (NOBRIDGE) WARN  Failed to register push notification token: [Error: Error encountered while fetching Expo token, expected an OK response, received: 400 (body: "{"errors":[{"code":"VALIDATION_ERROR","type":"USER","message":"\"projectId\": Invalid uuid.","isTransient":false,"requestId":"15b60dbf-72fe-46c9-89c5-23b7f88a9276"}]}").]
 (NOBRIDGE) WARN  Failed to schedule notifications: [Error: Failed to schedule the notification. Trigger of type: calendar is not supported on Android.]
 (NOBRIDGE) WARN  Background music failed to start: [Error: j7.y$f: Response code: 403]
